{"loss": [1.3985929489135742, 0.4555886387825012, 0.27408164739608765, 0.19048461318016052, 0.1379135400056839, 0.10897880792617798, 0.08947189152240753, 0.07234078645706177, 0.06520286202430725, 0.057896703481674194], "accuracy": [0.5899850726127625, 0.855594277381897, 0.9121701121330261, 0.9377338290214539, 0.9543779492378235, 0.9633117318153381, 0.9702539443969727, 0.9757593274116516, 0.978704035282135, 0.9814780354499817], "val_loss": [0.503752589225769, 0.3335626423358917, 0.2051394134759903, 0.1814929097890854, 0.21481959521770477, 0.11466280370950699, 0.14035660028457642, 0.11797954142093658, 0.14375187456607819, 0.1133585199713707], "val_accuracy": [0.8408263325691223, 0.8939221501350403, 0.9330184459686279, 0.9410425424575806, 0.9366036653518677, 0.9638060331344604, 0.9568063020706177, 0.966765284538269, 0.959822416305542, 0.9684725403785706]}